{
    "loss": 1.3365952968597412,
    "accuracy": 0.42742258310317993
}