{
    "loss": 3.5469467639923096,
    "accuracy": 0.5601125955581665
}